[
    {
        "isbn": "978-1-2871-278051-6",
        "title": "Crime and Punishment",
        "author": "Jane Austen",
        "publisher": "Scribner",
        "year": 2003,
        "genre": "Historical",
        "language": "Spanish",
        "pages": 352,
        "description": "A classic novel that explores complex themes in a unique setting.",
        "cover_image": "https://example.com/book_1.jpg",
        "rating": 3.6,
        "stock": 6
    },
    {
        "isbn": "978-1-9168-139723-8",
        "title": "Moby-Dick",
        "author": "George Orwell",
        "publisher": "Modern Library",
        "year": 1996,
        "genre": "Literature",
        "language": "German",
        "pages": 792,
        "description": "An enduring story of courage and hope.",
        "cover_image": "https://example.com/book_2.jpg",
        "rating": 4.2,
        "stock": 15
    },
    {
        "isbn": "978-1-8494-130213-6",
        "title": "Brave New World",
        "author": "J.R.R. Tolkien",
        "publisher": "Scribner",
        "year": 1969,
        "genre": "Fantasy",
        "language": "French",
        "pages": 581,
        "description": "A classic novel that explores complex themes in a unique setting.",
        "cover_image": "https://example.com/book_3.jpg",
        "rating": 4.4,
        "stock": 10
    },
    {
        "isbn": "978-1-8216-245456-2",
        "title": "Jane Eyre",
        "author": "Mark Twain",
        "publisher": "Scribner",
        "year": 1991,
        "genre": "Historical",
        "language": "French",
        "pages": 195,
        "description": "A classic novel that explores complex themes in a unique setting.",
        "cover_image": "https://example.com/book_4.jpg",
        "rating": 3.4,
        "stock": 8
    },
    {
        "isbn": "978-1-1297-790588-8",
        "title": "War and Peace",
        "author": "Jane Austen",
        "publisher": "Penguin",
        "year": 1925,
        "genre": "Fiction",
        "language": "English",
        "pages": 707,
        "description": "An epic saga that has stood the test of time.",
        "cover_image": "https://example.com/book_5.jpg",
        "rating": 3.9,
        "stock": 11
    },
    {
        "isbn": "978-1-2778-104158-2",
        "title": "The Catcher in the Rye",
        "author": "Leo Tolstoy",
        "publisher": "Vintage",
        "year": 1894,
        "genre": "Fantasy",
        "language": "Spanish",
        "pages": 849,
        "description": "An epic saga that has stood the test of time.",
        "cover_image": "https://example.com/book_6.jpg",
        "rating": 3.6,
        "stock": 20
    },
    {
        "isbn": "978-1-5612-785322-2",
        "title": "Crime and Punishment",
        "author": "Mark Twain",
        "publisher": "Penguin",
        "year": 1995,
        "genre": "Historical",
        "language": "English",
        "pages": 481,
        "description": "An enduring story of courage and hope.",
        "cover_image": "https://example.com/book_7.jpg",
        "rating": 3.1,
        "stock": 14
    },
    {
        "isbn": "978-1-3438-150877-8",
        "title": "Great Expectations",
        "author": "George Orwell",
        "publisher": "Penguin",
        "year": 1920,
        "genre": "Classic",
        "language": "German",
        "pages": 699,
        "description": "A thought-provoking story about society and human nature.",
        "cover_image": "https://example.com/book_8.jpg",
        "rating": 3.3,
        "stock": 18
    },
    {
        "isbn": "978-1-9102-883449-0",
        "title": "War and Peace",
        "author": "Fyodor Dostoevsky",
        "publisher": "Scribner",
        "year": 1972,
        "genre": "Historical",
        "language": "English",
        "pages": 544,
        "description": "A classic novel that explores complex themes in a unique setting.",
        "cover_image": "https://example.com/book_9.jpg",
        "rating": 4.4,
        "stock": 6
    },
    {
        "isbn": "978-1-9695-716342-2",
        "title": "War and Peace",
        "author": "Charles Dickens",
        "publisher": "Modern Library",
        "year": 1929,
        "genre": "Literature",
        "language": "Italian",
        "pages": 519,
        "description": "A tale of love, betrayal, and redemption.",
        "cover_image": "https://example.com/book_10.jpg",
        "rating": 3.7,
        "stock": 10
    },
    {
        "isbn": "978-1-8085-987550-8",
        "title": "War and Peace",
        "author": "J.R.R. Tolkien",
        "publisher": "Vintage",
        "year": 2022,
        "genre": "Classic",
        "language": "Italian",
        "pages": 846,
        "description": "An epic saga that has stood the test of time.",
        "cover_image": "https://example.com/book_11.jpg",
        "rating": 3.8,
        "stock": 1
    },
    {
        "isbn": "978-1-8892-155151-5",
        "title": "The Catcher in the Rye",
        "author": "Leo Tolstoy",
        "publisher": "Scribner",
        "year": 1959,
        "genre": "Drama",
        "language": "German",
        "pages": 390,
        "description": "A thought-provoking story about society and human nature.",
        "cover_image": "https://example.com/book_12.jpg",
        "rating": 3.7,
        "stock": 1
    },
    {
        "isbn": "978-1-8273-596548-0",
        "title": "Little Women",
        "author": "J.R.R. Tolkien",
        "publisher": "Scribner",
        "year": 1919,
        "genre": "Literature",
        "language": "French",
        "pages": 742,
        "description": "A riveting exploration of identity and morality.",
        "cover_image": "https://example.com/book_13.jpg",
        "rating": 3.9,
        "stock": 8
    },
    {
        "isbn": "978-1-7323-410151-5",
        "title": "Animal Farm",
        "author": "Charles Dickens",
        "publisher": "Scribner",
        "year": 2006,
        "genre": "Literature",
        "language": "German",
        "pages": 256,
        "description": "A tale of love, betrayal, and redemption.",
        "cover_image": "https://example.com/book_14.jpg",
        "rating": 3.1,
        "stock": 7
    },
    {
        "isbn": "978-1-7658-962428-3",
        "title": "Crime and Punishment",
        "author": "Aldous Huxley",
        "publisher": "HarperCollins",
        "year": 2011,
        "genre": "Fantasy",
        "language": "Spanish",
        "pages": 240,
        "description": "A tale of love, betrayal, and redemption.",
        "cover_image": "https://example.com/book_15.jpg",
        "rating": 3.7,
        "stock": 10
    },
    {
        "isbn": "978-1-2500-564991-1",
        "title": "Pride and Prejudice",
        "author": "J.R.R. Tolkien",
        "publisher": "HarperCollins",
        "year": 1917,
        "genre": "Fantasy",
        "language": "Italian",
        "pages": 320,
        "description": "A tale of love, betrayal, and redemption.",
        "cover_image": "https://example.com/book_16.jpg",
        "rating": 3.7,
        "stock": 8
    },
    {
        "isbn": "978-1-3786-135913-7",
        "title": "The Lord of the Rings",
        "author": "Mark Twain",
        "publisher": "HarperCollins",
        "year": 2005,
        "genre": "Fiction",
        "language": "Spanish",
        "pages": 729,
        "description": "A tale of love, betrayal, and redemption.",
        "cover_image": "https://example.com/book_17.jpg",
        "rating": 4.0,
        "stock": 13
    },
    {
        "isbn": "978-1-2082-105689-0",
        "title": "The Lord of the Rings",
        "author": "Louisa May Alcott",
        "publisher": "Penguin",
        "year": 1911,
        "genre": "Historical",
        "language": "Italian",
        "pages": 250,
        "description": "An enduring story of courage and hope.",
        "cover_image": "https://example.com/book_18.jpg",
        "rating": 4.9,
        "stock": 20
    },
    {
        "isbn": "978-1-3069-607001-4",
        "title": "Pride and Prejudice",
        "author": "Mark Twain",
        "publisher": "Vintage",
        "year": 2013,
        "genre": "Literature",
        "language": "Italian",
        "pages": 458,
        "description": "A riveting exploration of identity and morality.",
        "cover_image": "https://example.com/book_19.jpg",
        "rating": 4.3,
        "stock": 4
    },
    {
        "isbn": "978-1-4055-263246-5",
        "title": "Animal Farm",
        "author": "Charles Dickens",
        "publisher": "Penguin",
        "year": 1881,
        "genre": "Historical",
        "language": "English",
        "pages": 562,
        "description": "A classic novel that explores complex themes in a unique setting.",
        "cover_image": "https://example.com/book_20.jpg",
        "rating": 3.6,
        "stock": 6
    },
    {
        "isbn": "978-1-2318-301877-8",
        "title": "Brave New World",
        "author": "Leo Tolstoy",
        "publisher": "HarperCollins",
        "year": 1857,
        "genre": "Classic",
        "language": "Italian",
        "pages": 407,
        "description": "A classic novel that explores complex themes in a unique setting.",
        "cover_image": "https://example.com/book_21.jpg",
        "rating": 3.0,
        "stock": 0
    },
    {
        "isbn": "978-1-3117-914054-0",
        "title": "Brave New World",
        "author": "Aldous Huxley",
        "publisher": "Vintage",
        "year": 2022,
        "genre": "Classic",
        "language": "German",
        "pages": 459,
        "description": "A riveting exploration of identity and morality.",
        "cover_image": "https://example.com/book_22.jpg",
        "rating": 4.1,
        "stock": 12
    },
    {
        "title": "Alice New Book Again",
        "description": "asdasd",
        "author": "Alice Evergarden",
        "publisher": "asdasdasd",
        "year": "1000",
        "isbn": "ALICE-001",
        "genre": "asdasd",
        "language": "asdasd",
        "stock": 0
    },
    {
        "title": "New Book by Alice",
        "description": "asdasdsad",
        "author": "Memek Bu Shelvie",
        "publisher": "asdsad",
        "year": "2050",
        "isbn": "ISBN-Arisuu",
        "genre": "asdsad",
        "language": "sdad",
        "stock": 1
    },
    {
        "title": "Galaxy S23",
        "description": "asdads",
        "author": "asdasd",
        "publisher": "asdasd",
        "year": "2005",
        "isbn": "asdasdasd",
        "genre": "asdasd",
        "language": "asdasdasd",
        "cover": "data/images/books/57419b7c-7753-4be3-bb8e-1bb1476c8020.jpg",
        "stock": 0
    }
]