[
    {
        "isbn": "978-1-2871-278051-6",
        "title": "Crime and Punishment",
        "author": "Jane Austen",
        "publisher": "Scribner",
        "year": 2003,
        "genre": "Historical",
        "language": "Spanish",
        "pages": 352,
        "description": "A classic novel that explores complex themes in a unique setting.",
        "cover_image": "https://example.com/book_1.jpg",
        "rating": 3.6,
        "stock": 6
    },
    {
        "isbn": "978-1-9168-139723-8",
        "title": "Moby-Dick",
        "author": "George Orwell",
        "publisher": "Modern Library",
        "year": 1996,
        "genre": "Literature",
        "language": "German",
        "pages": 792,
        "description": "An enduring story of courage and hope.",
        "cover_image": "https://example.com/book_2.jpg",
        "rating": 4.2,
        "stock": 15
    },
    {
        "isbn": "978-1-8494-130213-6",
        "title": "Brave New World",
        "author": "J.R.R. Tolkien",
        "publisher": "Scribner",
        "year": 1969,
        "genre": "Fantasy",
        "language": "French",
        "pages": 581,
        "description": "A classic novel that explores complex themes in a unique setting.",
        "cover_image": "https://example.com/book_3.jpg",
        "rating": 4.4,
        "stock": 10
    },
    {
        "isbn": "978-1-8216-245456-2",
        "title": "Jane Eyre",
        "author": "Mark Twain",
        "publisher": "Scribner",
        "year": 1991,
        "genre": "Historical",
        "language": "French",
        "pages": 195,
        "description": "A classic novel that explores complex themes in a unique setting.",
        "cover_image": "https://example.com/book_4.jpg",
        "rating": 3.4,
        "stock": 8
    },
    {
        "isbn": "978-1-1297-790588-8",
        "title": "War and Peace",
        "author": "Jane Austen",
        "publisher": "Penguin",
        "year": 1925,
        "genre": "Fiction",
        "language": "English",
        "pages": 707,
        "description": "An epic saga that has stood the test of time.",
        "cover_image": "https://example.com/book_5.jpg",
        "rating": 3.9,
        "stock": 11
    },
    {
        "isbn": "978-1-2778-104158-2",
        "title": "The Catcher in the Rye",
        "author": "Leo Tolstoy",
        "publisher": "Vintage",
        "year": 1894,
        "genre": "Fantasy",
        "language": "Spanish",
        "pages": 849,
        "description": "An epic saga that has stood the test of time.",
        "cover_image": "https://example.com/book_6.jpg",
        "rating": 3.6,
        "stock": 20
    },
    {
        "isbn": "978-1-5612-785322-2",
        "title": "Crime and Punishment",
        "author": "Mark Twain",
        "publisher": "Penguin",
        "year": 1995,
        "genre": "Historical",
        "language": "English",
        "pages": 481,
        "description": "An enduring story of courage and hope.",
        "cover_image": "https://example.com/book_7.jpg",
        "rating": 3.1,
        "stock": 14
    },
    {
        "isbn": "978-1-3438-150877-8",
        "title": "Great Expectations",
        "author": "George Orwell",
        "publisher": "Penguin",
        "year": 1920,
        "genre": "Classic",
        "language": "German",
        "pages": 699,
        "description": "A thought-provoking story about society and human nature.",
        "cover_image": "https://example.com/book_8.jpg",
        "rating": 3.3,
        "stock": 18
    },
    {
        "isbn": "978-1-9102-883449-0",
        "title": "War and Peace",
        "author": "Fyodor Dostoevsky",
        "publisher": "Scribner",
        "year": 1972,
        "genre": "Historical",
        "language": "English",
        "pages": 544,
        "description": "A classic novel that explores complex themes in a unique setting.",
        "cover_image": "https://example.com/book_9.jpg",
        "rating": 4.4,
        "stock": 6
    },
    {
        "isbn": "978-1-9695-716342-2",
        "title": "War and Peace",
        "author": "Charles Dickens",
        "publisher": "Modern Library",
        "year": 1929,
        "genre": "Literature",
        "language": "Italian",
        "pages": 519,
        "description": "A tale of love, betrayal, and redemption.",
        "cover_image": "https://example.com/book_10.jpg",
        "rating": 3.7,
        "stock": 10
    },
    {
        "isbn": "978-1-8085-987550-8",
        "title": "War and Peace",
        "author": "J.R.R. Tolkien",
        "publisher": "Vintage",
        "year": 2022,
        "genre": "Classic",
        "language": "Italian",
        "pages": 846,
        "description": "An epic saga that has stood the test of time.",
        "cover_image": "https://example.com/book_11.jpg",
        "rating": 3.8,
        "stock": 1
    },
    {
        "isbn": "978-1-8892-155151-5",
        "title": "The Catcher in the Rye",
        "author": "Leo Tolstoy",
        "publisher": "Scribner",
        "year": 1959,
        "genre": "Drama",
        "language": "German",
        "pages": 390,
        "description": "A thought-provoking story about society and human nature.",
        "cover_image": "https://example.com/book_12.jpg",
        "rating": 3.7,
        "stock": 1
    },
    {
        "isbn": "978-1-8273-596548-0",
        "title": "Little Women",
        "author": "J.R.R. Tolkien",
        "publisher": "Scribner",
        "year": 1919,
        "genre": "Literature",
        "language": "French",
        "pages": 742,
        "description": "A riveting exploration of identity and morality.",
        "cover_image": "https://example.com/book_13.jpg",
        "rating": 3.9,
        "stock": 8
    },
    {
        "isbn": "978-1-7323-410151-5",
        "title": "Animal Farm",
        "author": "Charles Dickens",
        "publisher": "Scribner",
        "year": 2006,
        "genre": "Literature",
        "language": "German",
        "pages": 256,
        "description": "A tale of love, betrayal, and redemption.",
        "cover_image": "https://example.com/book_14.jpg",
        "rating": 3.1,
        "stock": 7
    },
    {
        "isbn": "978-1-7658-962428-3",
        "title": "Crime and Punishment",
        "author": "Aldous Huxley",
        "publisher": "HarperCollins",
        "year": 2011,
        "genre": "Fantasy",
        "language": "Spanish",
        "pages": 240,
        "description": "A tale of love, betrayal, and redemption.",
        "cover_image": "https://example.com/book_15.jpg",
        "rating": 3.7,
        "stock": 10
    },
    {
        "isbn": "978-1-2500-564991-1",
        "title": "Pride and Prejudice",
        "author": "J.R.R. Tolkien",
        "publisher": "HarperCollins",
        "year": 1917,
        "genre": "Fantasy",
        "language": "Italian",
        "pages": 320,
        "description": "A tale of love, betrayal, and redemption.",
        "cover_image": "https://example.com/book_16.jpg",
        "rating": 3.7,
        "stock": 8
    },
    {
        "isbn": "978-1-3786-135913-7",
        "title": "The Lord of the Rings",
        "author": "Mark Twain",
        "publisher": "HarperCollins",
        "year": 2005,
        "genre": "Fiction",
        "language": "Spanish",
        "pages": 729,
        "description": "A tale of love, betrayal, and redemption.",
        "cover_image": "https://example.com/book_17.jpg",
        "rating": 4.0,
        "stock": 13
    },
    {
        "isbn": "978-1-2082-105689-0",
        "title": "The Lord of the Rings",
        "author": "Louisa May Alcott",
        "publisher": "Penguin",
        "year": 1911,
        "genre": "Historical",
        "language": "Italian",
        "pages": 250,
        "description": "An enduring story of courage and hope.",
        "cover_image": "https://example.com/book_18.jpg",
        "rating": 4.9,
        "stock": 20
    },
    {
        "isbn": "978-1-3069-607001-4",
        "title": "Pride and Prejudice",
        "author": "Mark Twain",
        "publisher": "Vintage",
        "year": 2013,
        "genre": "Literature",
        "language": "Italian",
        "pages": 458,
        "description": "A riveting exploration of identity and morality.",
        "cover_image": "https://example.com/book_19.jpg",
        "rating": 4.3,
        "stock": 4
    },
    {
        "isbn": "978-1-4055-263246-5",
        "title": "Animal Farm",
        "author": "Charles Dickens",
        "publisher": "Penguin",
        "year": 1881,
        "genre": "Historical",
        "language": "English",
        "pages": 562,
        "description": "A classic novel that explores complex themes in a unique setting.",
        "cover_image": "https://example.com/book_20.jpg",
        "rating": 3.6,
        "stock": 6
    },
    {
        "isbn": "978-1-2318-301877-8",
        "title": "Brave New World",
        "author": "Leo Tolstoy",
        "publisher": "HarperCollins",
        "year": 1857,
        "genre": "Classic",
        "language": "Italian",
        "pages": 407,
        "description": "A classic novel that explores complex themes in a unique setting.",
        "cover_image": "https://example.com/book_21.jpg",
        "rating": 3.0,
        "stock": 0
    },
    {
        "isbn": "978-1-3117-914054-0",
        "title": "Brave New World",
        "author": "Aldous Huxley",
        "publisher": "Vintage",
        "year": 2022,
        "genre": "Classic",
        "language": "German",
        "pages": 459,
        "description": "A riveting exploration of identity and morality.",
        "cover_image": "https://example.com/book_22.jpg",
        "rating": 4.1,
        "stock": 12
    },
    {
        "isbn": "978-1-4016-210631-0",
        "title": "The Catcher in the Rye",
        "author": "Charles Dickens",
        "publisher": "Penguin",
        "year": 1960,
        "genre": "Fantasy",
        "language": "French",
        "pages": 529,
        "description": "A riveting exploration of identity and morality.",
        "cover_image": "https://example.com/book_23.jpg",
        "rating": 3.2,
        "stock": 4
    },
    {
        "isbn": "978-1-5207-137415-2",
        "title": "Brave New World",
        "author": "Aldous Huxley",
        "publisher": "Penguin",
        "year": 1916,
        "genre": "Literature",
        "language": "French",
        "pages": 763,
        "description": "An enduring story of courage and hope.",
        "cover_image": "https://example.com/book_24.jpg",
        "rating": 3.7,
        "stock": 2
    },
    {
        "isbn": "978-1-9847-332523-6",
        "title": "The Lord of the Rings",
        "author": "Herman Melville",
        "publisher": "Modern Library",
        "year": 1886,
        "genre": "Fiction",
        "language": "English",
        "pages": 798,
        "description": "A riveting exploration of identity and morality.",
        "cover_image": "https://example.com/book_25.jpg",
        "rating": 4.6,
        "stock": 17
    },
    {
        "isbn": "978-1-1891-353704-6",
        "title": "The Catcher in the Rye",
        "author": "Fyodor Dostoevsky",
        "publisher": "HarperCollins",
        "year": 1930,
        "genre": "Fantasy",
        "language": "Spanish",
        "pages": 459,
        "description": "A thought-provoking story about society and human nature.",
        "cover_image": "https://example.com/book_26.jpg",
        "rating": 3.9,
        "stock": 11
    },
    {
        "isbn": "978-1-7274-735544-1",
        "title": "Pride and Prejudice",
        "author": "Jane Austen",
        "publisher": "Modern Library",
        "year": 1986,
        "genre": "Fantasy",
        "language": "English",
        "pages": 900,
        "description": "A thought-provoking story about society and human nature.",
        "cover_image": "https://example.com/book_27.jpg",
        "rating": 3.8,
        "stock": 3
    },
    {
        "isbn": "978-1-3479-245391-4",
        "title": "The Catcher in the Rye",
        "author": "George Orwell",
        "publisher": "HarperCollins",
        "year": 1965,
        "genre": "Historical",
        "language": "English",
        "pages": 453,
        "description": "A tale of love, betrayal, and redemption.",
        "cover_image": "https://example.com/book_28.jpg",
        "rating": 4.1,
        "stock": 12
    },
    {
        "isbn": "978-1-5644-369822-5",
        "title": "Brave New World",
        "author": "Leo Tolstoy",
        "publisher": "Vintage",
        "year": 1927,
        "genre": "Drama",
        "language": "German",
        "pages": 649,
        "description": "An epic saga that has stood the test of time.",
        "cover_image": "https://example.com/book_29.jpg",
        "rating": 3.7,
        "stock": 9
    },
    {
        "isbn": "978-1-5725-943292-0",
        "title": "The Catcher in the Rye",
        "author": "J.D. Salinger",
        "publisher": "HarperCollins",
        "year": 1919,
        "genre": "Fiction",
        "language": "English",
        "pages": 151,
        "description": "An epic saga that has stood the test of time.",
        "cover_image": "https://example.com/book_30.jpg",
        "rating": 3.2,
        "stock": 6
    },
    {
        "isbn": "978-1-1524-351131-5",
        "title": "The Lord of the Rings",
        "author": "Leo Tolstoy",
        "publisher": "Modern Library",
        "year": 1972,
        "genre": "Fantasy",
        "language": "German",
        "pages": 762,
        "description": "A classic novel that explores complex themes in a unique setting.",
        "cover_image": "https://example.com/book_31.jpg",
        "rating": 4.1,
        "stock": 2
    },
    {
        "isbn": "978-1-6292-162245-2",
        "title": "Great Expectations",
        "author": "Herman Melville",
        "publisher": "Modern Library",
        "year": 1984,
        "genre": "Drama",
        "language": "Italian",
        "pages": 548,
        "description": "An epic saga that has stood the test of time.",
        "cover_image": "https://example.com/book_32.jpg",
        "rating": 3.5,
        "stock": 12
    },
    {
        "isbn": "978-1-4216-822175-3",
        "title": "Brave New World",
        "author": "J.R.R. Tolkien",
        "publisher": "Modern Library",
        "year": 1906,
        "genre": "Literature",
        "language": "Italian",
        "pages": 186,
        "description": "A thought-provoking story about society and human nature.",
        "cover_image": "https://example.com/book_33.jpg",
        "rating": 4.2,
        "stock": 18
    },
    {
        "isbn": "978-1-8650-637731-8",
        "title": "1984",
        "author": "J.R.R. Tolkien",
        "publisher": "Modern Library",
        "year": 1878,
        "genre": "Fiction",
        "language": "German",
        "pages": 550,
        "description": "An enduring story of courage and hope.",
        "cover_image": "https://example.com/book_34.jpg",
        "rating": 3.7,
        "stock": 16
    },
    {
        "isbn": "978-1-3650-777086-5",
        "title": "Pride and Prejudice",
        "author": "Mark Twain",
        "publisher": "Vintage",
        "year": 1911,
        "genre": "Literature",
        "language": "German",
        "pages": 450,
        "description": "An enduring story of courage and hope.",
        "cover_image": "https://example.com/book_35.jpg",
        "rating": 4.8,
        "stock": 2
    },
    {
        "isbn": "978-1-9705-216093-1",
        "title": "Great Expectations",
        "author": "Jane Austen",
        "publisher": "Scribner",
        "year": 1871,
        "genre": "Fantasy",
        "language": "French",
        "pages": 805,
        "description": "An enduring story of courage and hope.",
        "cover_image": "https://example.com/book_36.jpg",
        "rating": 4.8,
        "stock": 8
    },
    {
        "isbn": "978-1-6765-802695-3",
        "title": "Animal Farm",
        "author": "Aldous Huxley",
        "publisher": "Scribner",
        "year": 1862,
        "genre": "Literature",
        "language": "Italian",
        "pages": 207,
        "description": "An epic saga that has stood the test of time.",
        "cover_image": "https://example.com/book_37.jpg",
        "rating": 4.5,
        "stock": 15
    },
    {
        "isbn": "978-1-1870-453687-8",
        "title": "Animal Farm",
        "author": "Charles Dickens",
        "publisher": "HarperCollins",
        "year": 1891,
        "genre": "Fiction",
        "language": "French",
        "pages": 340,
        "description": "An epic saga that has stood the test of time.",
        "cover_image": "https://example.com/book_38.jpg",
        "rating": 3.1,
        "stock": 20
    },
    {
        "isbn": "978-1-2809-263931-8",
        "title": "Animal Farm",
        "author": "Mark Twain",
        "publisher": "Scribner",
        "year": 1975,
        "genre": "Fantasy",
        "language": "Italian",
        "pages": 212,
        "description": "A riveting exploration of identity and morality.",
        "cover_image": "https://example.com/book_39.jpg",
        "rating": 3.9,
        "stock": 7
    },
    {
        "isbn": "978-1-1831-924837-0",
        "title": "Great Expectations",
        "author": "J.R.R. Tolkien",
        "publisher": "Penguin",
        "year": 1990,
        "genre": "Fiction",
        "language": "French",
        "pages": 716,
        "description": "An enduring story of courage and hope.",
        "cover_image": "https://example.com/book_40.jpg",
        "rating": 4.7,
        "stock": 16
    },
    {
        "isbn": "978-1-2636-642741-1",
        "title": "Great Expectations",
        "author": "Charlotte Bront\u00eb",
        "publisher": "HarperCollins",
        "year": 1988,
        "genre": "Fiction",
        "language": "Spanish",
        "pages": 668,
        "description": "A classic novel that explores complex themes in a unique setting.",
        "cover_image": "https://example.com/book_41.jpg",
        "rating": 4.5,
        "stock": 17
    },
    {
        "isbn": "978-1-6214-613230-0",
        "title": "Crime and Punishment",
        "author": "Aldous Huxley",
        "publisher": "Modern Library",
        "year": 1911,
        "genre": "Literature",
        "language": "Spanish",
        "pages": 624,
        "description": "An enduring story of courage and hope.",
        "cover_image": "https://example.com/book_42.jpg",
        "rating": 3.7,
        "stock": 0
    },
    {
        "isbn": "978-1-5376-707673-2",
        "title": "War and Peace",
        "author": "Fyodor Dostoevsky",
        "publisher": "Vintage",
        "year": 1882,
        "genre": "Classic",
        "language": "Spanish",
        "pages": 379,
        "description": "A tale of love, betrayal, and redemption.",
        "cover_image": "https://example.com/book_43.jpg",
        "rating": 3.1,
        "stock": 10
    },
    {
        "isbn": "978-1-1690-369163-5",
        "title": "Great Expectations",
        "author": "George Orwell",
        "publisher": "Penguin",
        "year": 1940,
        "genre": "Fiction",
        "language": "English",
        "pages": 788,
        "description": "An enduring story of courage and hope.",
        "cover_image": "https://example.com/book_44.jpg",
        "rating": 3.9,
        "stock": 0
    },
    {
        "isbn": "978-1-3777-876713-5",
        "title": "Moby-Dick",
        "author": "Herman Melville",
        "publisher": "Modern Library",
        "year": 1867,
        "genre": "Historical",
        "language": "English",
        "pages": 246,
        "description": "An epic saga that has stood the test of time.",
        "cover_image": "https://example.com/book_45.jpg",
        "rating": 3.9,
        "stock": 18
    },
    {
        "isbn": "978-1-5355-909058-6",
        "title": "The Lord of the Rings",
        "author": "Leo Tolstoy",
        "publisher": "Modern Library",
        "year": 1947,
        "genre": "Drama",
        "language": "German",
        "pages": 717,
        "description": "A riveting exploration of identity and morality.",
        "cover_image": "https://example.com/book_46.jpg",
        "rating": 3.6,
        "stock": 3
    },
    {
        "isbn": "978-1-5201-831918-0",
        "title": "Pride and Prejudice",
        "author": "George Orwell",
        "publisher": "HarperCollins",
        "year": 1998,
        "genre": "Fiction",
        "language": "French",
        "pages": 891,
        "description": "An enduring story of courage and hope.",
        "cover_image": "https://example.com/book_47.jpg",
        "rating": 3.2,
        "stock": 15
    },
    {
        "isbn": "978-1-7397-835530-7",
        "title": "Brave New World",
        "author": "Leo Tolstoy",
        "publisher": "HarperCollins",
        "year": 1875,
        "genre": "Drama",
        "language": "Italian",
        "pages": 858,
        "description": "An enduring story of courage and hope.",
        "cover_image": "https://example.com/book_48.jpg",
        "rating": 4.6,
        "stock": 3
    },
    {
        "isbn": "978-1-1463-279918-7",
        "title": "Brave New World",
        "author": "George Orwell",
        "publisher": "Scribner",
        "year": 1914,
        "genre": "Classic",
        "language": "French",
        "pages": 847,
        "description": "A tale of love, betrayal, and redemption.",
        "cover_image": "https://example.com/book_49.jpg",
        "rating": 3.6,
        "stock": 13
    },
    {
        "isbn": "978-1-2903-314315-1",
        "title": "Pride and Prejudice",
        "author": "Leo Tolstoy",
        "publisher": "Modern Library",
        "year": 1937,
        "genre": "Literature",
        "language": "French",
        "pages": 486,
        "description": "An enduring story of courage and hope.",
        "cover_image": "https://example.com/book_50.jpg",
        "rating": 4.3,
        "stock": 11
    },
    {
        "isbn": "978-1-8067-227435-6",
        "title": "The Catcher in the Rye",
        "author": "Leo Tolstoy",
        "publisher": "Scribner",
        "year": 1970,
        "genre": "Literature",
        "language": "Italian",
        "pages": 800,
        "description": "A riveting exploration of identity and morality.",
        "cover_image": "https://example.com/book_51.jpg",
        "rating": 4.2,
        "stock": 11
    },
    {
        "isbn": "978-1-6338-335383-3",
        "title": "Jane Eyre",
        "author": "J.D. Salinger",
        "publisher": "Penguin",
        "year": 1961,
        "genre": "Classic",
        "language": "French",
        "pages": 205,
        "description": "An enduring story of courage and hope.",
        "cover_image": "https://example.com/book_52.jpg",
        "rating": 3.6,
        "stock": 4
    },
    {
        "isbn": "978-1-9487-244103-1",
        "title": "The Lord of the Rings",
        "author": "J.R.R. Tolkien",
        "publisher": "HarperCollins",
        "year": 1933,
        "genre": "Fantasy",
        "language": "Italian",
        "pages": 478,
        "description": "An epic saga that has stood the test of time.",
        "cover_image": "https://example.com/book_53.jpg",
        "rating": 3.2,
        "stock": 1
    },
    {
        "isbn": "978-1-9379-582453-9",
        "title": "The Catcher in the Rye",
        "author": "Herman Melville",
        "publisher": "Scribner",
        "year": 1938,
        "genre": "Historical",
        "language": "French",
        "pages": 850,
        "description": "A thought-provoking story about society and human nature.",
        "cover_image": "https://example.com/book_54.jpg",
        "rating": 3.8,
        "stock": 12
    },
    {
        "isbn": "978-1-8700-876103-3",
        "title": "Pride and Prejudice",
        "author": "Mark Twain",
        "publisher": "Modern Library",
        "year": 1946,
        "genre": "Literature",
        "language": "Spanish",
        "pages": 238,
        "description": "A tale of love, betrayal, and redemption.",
        "cover_image": "https://example.com/book_55.jpg",
        "rating": 4.8,
        "stock": 9
    },
    {
        "isbn": "978-1-5155-359230-5",
        "title": "The Catcher in the Rye",
        "author": "George Orwell",
        "publisher": "Modern Library",
        "year": 1973,
        "genre": "Fantasy",
        "language": "Italian",
        "pages": 550,
        "description": "A classic novel that explores complex themes in a unique setting.",
        "cover_image": "https://example.com/book_56.jpg",
        "rating": 4.4,
        "stock": 5
    },
    {
        "isbn": "978-1-7530-822163-0",
        "title": "The Lord of the Rings",
        "author": "Leo Tolstoy",
        "publisher": "HarperCollins",
        "year": 1858,
        "genre": "Literature",
        "language": "German",
        "pages": 384,
        "description": "An enduring story of courage and hope.",
        "cover_image": "https://example.com/book_57.jpg",
        "rating": 4.0,
        "stock": 13
    },
    {
        "isbn": "978-1-3412-349338-2",
        "title": "Pride and Prejudice",
        "author": "Mark Twain",
        "publisher": "Penguin",
        "year": 1935,
        "genre": "Classic",
        "language": "Spanish",
        "pages": 628,
        "description": "A riveting exploration of identity and morality.",
        "cover_image": "https://example.com/book_58.jpg",
        "rating": 4.2,
        "stock": 6
    },
    {
        "isbn": "978-1-9550-646696-2",
        "title": "War and Peace",
        "author": "Louisa May Alcott",
        "publisher": "Penguin",
        "year": 1882,
        "genre": "Classic",
        "language": "German",
        "pages": 318,
        "description": "A thought-provoking story about society and human nature.",
        "cover_image": "https://example.com/book_59.jpg",
        "rating": 4.2,
        "stock": 19
    },
    {
        "isbn": "978-1-4432-988027-0",
        "title": "The Lord of the Rings",
        "author": "Aldous Huxley",
        "publisher": "Vintage",
        "year": 1940,
        "genre": "Fantasy",
        "language": "German",
        "pages": 788,
        "description": "A riveting exploration of identity and morality.",
        "cover_image": "https://example.com/book_60.jpg",
        "rating": 4.0,
        "stock": 13
    },
    {
        "isbn": "978-1-5302-266346-1",
        "title": "Brave New World",
        "author": "J.D. Salinger",
        "publisher": "HarperCollins",
        "year": 1927,
        "genre": "Classic",
        "language": "Italian",
        "pages": 850,
        "description": "An epic saga that has stood the test of time.",
        "cover_image": "https://example.com/book_61.jpg",
        "rating": 3.3,
        "stock": 1
    },
    {
        "isbn": "978-1-6917-664482-9",
        "title": "Crime and Punishment",
        "author": "J.D. Salinger",
        "publisher": "Vintage",
        "year": 2012,
        "genre": "Drama",
        "language": "English",
        "pages": 303,
        "description": "A tale of love, betrayal, and redemption.",
        "cover_image": "https://example.com/book_62.jpg",
        "rating": 4.2,
        "stock": 11
    },
    {
        "isbn": "978-1-5842-830971-5",
        "title": "Great Expectations",
        "author": "Louisa May Alcott",
        "publisher": "HarperCollins",
        "year": 1880,
        "genre": "Fiction",
        "language": "English",
        "pages": 809,
        "description": "A classic novel that explores complex themes in a unique setting.",
        "cover_image": "https://example.com/book_63.jpg",
        "rating": 4.8,
        "stock": 5
    },
    {
        "isbn": "978-1-2054-619203-2",
        "title": "Little Women",
        "author": "Charles Dickens",
        "publisher": "Modern Library",
        "year": 1949,
        "genre": "Classic",
        "language": "English",
        "pages": 314,
        "description": "A thought-provoking story about society and human nature.",
        "cover_image": "https://example.com/book_64.jpg",
        "rating": 3.1,
        "stock": 11
    },
    {
        "isbn": "978-1-4549-900462-5",
        "title": "The Catcher in the Rye",
        "author": "Jane Austen",
        "publisher": "Penguin",
        "year": 1925,
        "genre": "Classic",
        "language": "Italian",
        "pages": 491,
        "description": "A riveting exploration of identity and morality.",
        "cover_image": "https://example.com/book_65.jpg",
        "rating": 3.2,
        "stock": 6
    },
    {
        "isbn": "978-1-3759-590957-6",
        "title": "Moby-Dick",
        "author": "Charlotte Bront\u00eb",
        "publisher": "Vintage",
        "year": 1998,
        "genre": "Historical",
        "language": "German",
        "pages": 268,
        "description": "A thought-provoking story about society and human nature.",
        "cover_image": "https://example.com/book_66.jpg",
        "rating": 4.0,
        "stock": 7
    },
    {
        "isbn": "978-1-9476-391921-9",
        "title": "Crime and Punishment",
        "author": "Mark Twain",
        "publisher": "Penguin",
        "year": 2007,
        "genre": "Fantasy",
        "language": "Spanish",
        "pages": 681,
        "description": "A tale of love, betrayal, and redemption.",
        "cover_image": "https://example.com/book_67.jpg",
        "rating": 4.7,
        "stock": 4
    },
    {
        "isbn": "978-1-2914-651049-8",
        "title": "The Catcher in the Rye",
        "author": "Fyodor Dostoevsky",
        "publisher": "Modern Library",
        "year": 2000,
        "genre": "Fantasy",
        "language": "Spanish",
        "pages": 885,
        "description": "A riveting exploration of identity and morality.",
        "cover_image": "https://example.com/book_68.jpg",
        "rating": 4.8,
        "stock": 16
    },
    {
        "isbn": "978-1-8828-815735-0",
        "title": "Little Women",
        "author": "J.D. Salinger",
        "publisher": "Vintage",
        "year": 1974,
        "genre": "Fiction",
        "language": "Spanish",
        "pages": 597,
        "description": "A riveting exploration of identity and morality.",
        "cover_image": "https://example.com/book_69.jpg",
        "rating": 3.2,
        "stock": 2
    },
    {
        "isbn": "978-1-4057-404000-2",
        "title": "1984",
        "author": "Jane Austen",
        "publisher": "Penguin",
        "year": 1901,
        "genre": "Classic",
        "language": "German",
        "pages": 406,
        "description": "A riveting exploration of identity and morality.",
        "cover_image": "https://example.com/book_70.jpg",
        "rating": 4.1,
        "stock": 17
    },
    {
        "isbn": "978-1-6279-279766-8",
        "title": "The Lord of the Rings",
        "author": "Aldous Huxley",
        "publisher": "Modern Library",
        "year": 2004,
        "genre": "Fiction",
        "language": "German",
        "pages": 718,
        "description": "An epic saga that has stood the test of time.",
        "cover_image": "https://example.com/book_71.jpg",
        "rating": 4.4,
        "stock": 19
    },
    {
        "isbn": "978-1-2927-352481-9",
        "title": "Animal Farm",
        "author": "J.D. Salinger",
        "publisher": "Modern Library",
        "year": 1929,
        "genre": "Drama",
        "language": "German",
        "pages": 838,
        "description": "An enduring story of courage and hope.",
        "cover_image": "https://example.com/book_72.jpg",
        "rating": 3.5,
        "stock": 19
    },
    {
        "isbn": "978-1-5666-921607-8",
        "title": "Brave New World",
        "author": "J.D. Salinger",
        "publisher": "Scribner",
        "year": 1907,
        "genre": "Literature",
        "language": "Italian",
        "pages": 448,
        "description": "A riveting exploration of identity and morality.",
        "cover_image": "https://example.com/book_73.jpg",
        "rating": 4.2,
        "stock": 6
    },
    {
        "isbn": "978-1-2742-762099-4",
        "title": "The Catcher in the Rye",
        "author": "Jane Austen",
        "publisher": "Modern Library",
        "year": 1878,
        "genre": "Historical",
        "language": "Spanish",
        "pages": 701,
        "description": "An epic saga that has stood the test of time.",
        "cover_image": "https://example.com/book_74.jpg",
        "rating": 5.0,
        "stock": 5
    },
    {
        "isbn": "978-1-8475-722605-9",
        "title": "Animal Farm",
        "author": "Aldous Huxley",
        "publisher": "Vintage",
        "year": 1859,
        "genre": "Literature",
        "language": "English",
        "pages": 255,
        "description": "An epic saga that has stood the test of time.",
        "cover_image": "https://example.com/book_75.jpg",
        "rating": 3.5,
        "stock": 1
    },
    {
        "isbn": "978-1-8844-352471-5",
        "title": "Animal Farm",
        "author": "J.R.R. Tolkien",
        "publisher": "Scribner",
        "year": 1991,
        "genre": "Classic",
        "language": "French",
        "pages": 855,
        "description": "A tale of love, betrayal, and redemption.",
        "cover_image": "https://example.com/book_76.jpg",
        "rating": 4.0,
        "stock": 4
    },
    {
        "isbn": "978-1-8878-414751-2",
        "title": "War and Peace",
        "author": "Aldous Huxley",
        "publisher": "Vintage",
        "year": 1877,
        "genre": "Fantasy",
        "language": "German",
        "pages": 495,
        "description": "A thought-provoking story about society and human nature.",
        "cover_image": "https://example.com/book_77.jpg",
        "rating": 4.7,
        "stock": 2
    },
    {
        "isbn": "978-1-9901-196556-3",
        "title": "1984",
        "author": "Fyodor Dostoevsky",
        "publisher": "HarperCollins",
        "year": 1947,
        "genre": "Fiction",
        "language": "Spanish",
        "pages": 356,
        "description": "An enduring story of courage and hope.",
        "cover_image": "https://example.com/book_78.jpg",
        "rating": 3.6,
        "stock": 17
    },
    {
        "isbn": "978-1-5148-396925-5",
        "title": "Great Expectations",
        "author": "J.D. Salinger",
        "publisher": "Scribner",
        "year": 2017,
        "genre": "Fiction",
        "language": "Spanish",
        "pages": 400,
        "description": "An enduring story of courage and hope.",
        "cover_image": "https://example.com/book_79.jpg",
        "rating": 4.8,
        "stock": 18
    },
    {
        "isbn": "978-1-3370-383458-4",
        "title": "Jane Eyre",
        "author": "Fyodor Dostoevsky",
        "publisher": "Penguin",
        "year": 1959,
        "genre": "Historical",
        "language": "Spanish",
        "pages": 451,
        "description": "A tale of love, betrayal, and redemption.",
        "cover_image": "https://example.com/book_80.jpg",
        "rating": 3.0,
        "stock": 18
    },
    {
        "isbn": "978-1-6664-482588-6",
        "title": "Brave New World",
        "author": "Jane Austen",
        "publisher": "Modern Library",
        "year": 1887,
        "genre": "Fantasy",
        "language": "English",
        "pages": 836,
        "description": "A thought-provoking story about society and human nature.",
        "cover_image": "https://example.com/book_81.jpg",
        "rating": 4.8,
        "stock": 14
    },
    {
        "isbn": "978-1-1878-132556-5",
        "title": "Pride and Prejudice",
        "author": "George Orwell",
        "publisher": "Scribner",
        "year": 1865,
        "genre": "Classic",
        "language": "German",
        "pages": 339,
        "description": "An epic saga that has stood the test of time.",
        "cover_image": "https://example.com/book_82.jpg",
        "rating": 3.3,
        "stock": 19
    },
    {
        "isbn": "978-1-7373-322539-6",
        "title": "Brave New World",
        "author": "George Orwell",
        "publisher": "HarperCollins",
        "year": 1974,
        "genre": "Fiction",
        "language": "French",
        "pages": 423,
        "description": "A classic novel that explores complex themes in a unique setting.",
        "cover_image": "https://example.com/book_83.jpg",
        "rating": 5.0,
        "stock": 19
    },
    {
        "isbn": "978-1-9726-759184-4",
        "title": "The Lord of the Rings",
        "author": "Charles Dickens",
        "publisher": "Penguin",
        "year": 1922,
        "genre": "Literature",
        "language": "Italian",
        "pages": 784,
        "description": "A riveting exploration of identity and morality.",
        "cover_image": "https://example.com/book_84.jpg",
        "rating": 3.2,
        "stock": 1
    },
    {
        "isbn": "978-1-9703-922314-0",
        "title": "The Catcher in the Rye",
        "author": "Jane Austen",
        "publisher": "HarperCollins",
        "year": 1915,
        "genre": "Fiction",
        "language": "English",
        "pages": 406,
        "description": "A thought-provoking story about society and human nature.",
        "cover_image": "https://example.com/book_85.jpg",
        "rating": 4.5,
        "stock": 5
    },
    {
        "isbn": "978-1-5926-428301-2",
        "title": "Jane Eyre",
        "author": "Charlotte Bront\u00eb",
        "publisher": "Vintage",
        "year": 2015,
        "genre": "Fantasy",
        "language": "French",
        "pages": 803,
        "description": "A riveting exploration of identity and morality.",
        "cover_image": "https://example.com/book_86.jpg",
        "rating": 4.4,
        "stock": 20
    },
    {
        "isbn": "978-1-9193-735368-7",
        "title": "1984",
        "author": "Aldous Huxley",
        "publisher": "Penguin",
        "year": 1882,
        "genre": "Historical",
        "language": "German",
        "pages": 217,
        "description": "A riveting exploration of identity and morality.",
        "cover_image": "https://example.com/book_87.jpg",
        "rating": 3.6,
        "stock": 12
    },
    {
        "isbn": "978-1-5118-649474-8",
        "title": "Moby-Dick",
        "author": "Leo Tolstoy",
        "publisher": "Vintage",
        "year": 1932,
        "genre": "Fantasy",
        "language": "French",
        "pages": 499,
        "description": "A classic novel that explores complex themes in a unique setting.",
        "cover_image": "https://example.com/book_88.jpg",
        "rating": 4.5,
        "stock": 7
    },
    {
        "isbn": "978-1-9252-378982-2",
        "title": "Jane Eyre",
        "author": "Louisa May Alcott",
        "publisher": "Vintage",
        "year": 1985,
        "genre": "Literature",
        "language": "German",
        "pages": 851,
        "description": "A riveting exploration of identity and morality.",
        "cover_image": "https://example.com/book_89.jpg",
        "rating": 3.1,
        "stock": 9
    },
    {
        "isbn": "978-1-3201-422023-0",
        "title": "Jane Eyre",
        "author": "Leo Tolstoy",
        "publisher": "Modern Library",
        "year": 1869,
        "genre": "Classic",
        "language": "Italian",
        "pages": 263,
        "description": "A classic novel that explores complex themes in a unique setting.",
        "cover_image": "https://example.com/book_90.jpg",
        "rating": 3.5,
        "stock": 0
    },
    {
        "isbn": "978-1-3155-259937-0",
        "title": "Crime and Punishment",
        "author": "Mark Twain",
        "publisher": "Scribner",
        "year": 1974,
        "genre": "Classic",
        "language": "Italian",
        "pages": 267,
        "description": "A riveting exploration of identity and morality.",
        "cover_image": "https://example.com/book_91.jpg",
        "rating": 3.3,
        "stock": 13
    },
    {
        "isbn": "978-1-8080-204735-5",
        "title": "The Catcher in the Rye",
        "author": "J.R.R. Tolkien",
        "publisher": "Modern Library",
        "year": 1959,
        "genre": "Fiction",
        "language": "German",
        "pages": 845,
        "description": "A riveting exploration of identity and morality.",
        "cover_image": "https://example.com/book_92.jpg",
        "rating": 3.7,
        "stock": 5
    },
    {
        "isbn": "978-1-4945-804312-7",
        "title": "The Lord of the Rings",
        "author": "J.R.R. Tolkien",
        "publisher": "Modern Library",
        "year": 2017,
        "genre": "Fantasy",
        "language": "German",
        "pages": 430,
        "description": "A thought-provoking story about society and human nature.",
        "cover_image": "https://example.com/book_93.jpg",
        "rating": 4.3,
        "stock": 14
    },
    {
        "isbn": "978-1-8701-959253-6",
        "title": "Crime and Punishment",
        "author": "J.R.R. Tolkien",
        "publisher": "Penguin",
        "year": 1949,
        "genre": "Historical",
        "language": "Italian",
        "pages": 266,
        "description": "A tale of love, betrayal, and redemption.",
        "cover_image": "https://example.com/book_94.jpg",
        "rating": 4.0,
        "stock": 13
    },
    {
        "isbn": "978-1-3567-231034-8",
        "title": "War and Peace",
        "author": "Fyodor Dostoevsky",
        "publisher": "Scribner",
        "year": 1988,
        "genre": "Fantasy",
        "language": "Italian",
        "pages": 617,
        "description": "A tale of love, betrayal, and redemption.",
        "cover_image": "https://example.com/book_95.jpg",
        "rating": 3.8,
        "stock": 4
    },
    {
        "isbn": "978-1-7199-439189-5",
        "title": "Jane Eyre",
        "author": "Jane Austen",
        "publisher": "Penguin",
        "year": 1860,
        "genre": "Literature",
        "language": "Italian",
        "pages": 370,
        "description": "An enduring story of courage and hope.",
        "cover_image": "https://example.com/book_96.jpg",
        "rating": 3.3,
        "stock": 8
    },
    {
        "isbn": "978-1-1483-469673-5",
        "title": "Crime and Punishment",
        "author": "Jane Austen",
        "publisher": "HarperCollins",
        "year": 1994,
        "genre": "Drama",
        "language": "English",
        "pages": 588,
        "description": "A thought-provoking story about society and human nature.",
        "cover_image": "https://example.com/book_97.jpg",
        "rating": 4.2,
        "stock": 18
    },
    {
        "isbn": "978-1-4900-862773-0",
        "title": "Great Expectations",
        "author": "J.R.R. Tolkien",
        "publisher": "Vintage",
        "year": 1996,
        "genre": "Fiction",
        "language": "Spanish",
        "pages": 527,
        "description": "A tale of love, betrayal, and redemption.",
        "cover_image": "https://example.com/book_98.jpg",
        "rating": 4.4,
        "stock": 1
    },
    {
        "isbn": "978-1-5437-584162-6",
        "title": "Pride and Prejudice",
        "author": "Louisa May Alcott",
        "publisher": "Penguin",
        "year": 1893,
        "genre": "Fiction",
        "language": "Spanish",
        "pages": 732,
        "description": "A riveting exploration of identity and morality.",
        "cover_image": "https://example.com/book_99.jpg",
        "rating": 3.5,
        "stock": 5
    },
    {
        "isbn": "978-1-8093-877694-9",
        "title": "War and Peace",
        "author": "J.R.R. Tolkien",
        "publisher": "Scribner",
        "year": 1943,
        "genre": "Fantasy",
        "language": "German",
        "pages": 333,
        "description": "An epic saga that has stood the test of time.",
        "cover_image": "https://example.com/book_100.jpg",
        "rating": 3.3,
        "stock": 0
    },
    {
        "title": "Alice is The Great",
        "description": "",
        "author": "Alice Evergarden",
        "publisher": "Who",
        "year": "",
        "isbn": "1412-1-4-1-2",
        "genre": "",
        "language": ""
    },
    {
        "title": "Alice The Great",
        "description": "",
        "author": "Alice",
        "publisher": "Who",
        "year": "",
        "isbn": "1412-1-4-1-2",
        "genre": "",
        "language": ""
    }
]